# BLE AoA 7x7 reference grid, measured 2026-09-11. Frame: anchor centre = origin, +x toward tag wall (x=295 cm), +y right FROM TAG, +z up.,,,,,,,,,,,,,,,,,,,,,,,,,,,,,,,,
# Uncertainties (half-ranges, combined in quadrature): x +/-1.0 cm; y +/-0.25 cm; z +/-0.5 cm; floor/ceiling z assumed +/-0.5 cm.,,,,,,,,,,,,,,,,,,,,,,,,,,,,,,,,,,,
# Ceiling height above floor measured 259-260 cm (true value <260 cm; the 260.0 entries are at the rounding limit). lambda=12.3 cm (2440 MHz).,,,,,,,,,,,,,,,,,,,,,,,,,,,,,,,,,,,,
row,col,label,x_cm,y_cm,z_cm,x_unc_cm,y_unc_cm,z_unc_cm,AZ_deg,EL_deg,AZ_unc_deg,EL_unc_deg,z_floor_cm,z_ceiling_cm,height_above_floor_cm,clearance_below_ceiling_cm,EL_floor_image_deg,sep_floor_deg,dL_floor_cm,dL_floor_wavelengths,dL_floor_unc_cm,floor_phase_unc_deg,EL_ceiling_image_deg,sep_ceiling_deg,dL_ceiling_cm,dL_ceiling_wavelengths,floor_specular_x_from_wall_cm,ceiling_specular_x_from_wall_cm,z_surface_unc_cm,height_above_floor_unc_cm,clearance_below_ceiling_unc_cm,floor_ray_phase_unc_deg,dL_ceiling_unc_cm,ceiling_ray_phase_unc_deg,ceiling_height_above_floor_cm,range_unc_cm
0,0,1,295,120,118.5,1,0.25,0.5,22.14,20.41,0.08,0.096,-135,124,253.5,5.5,-50.66,71.07,162.5,13.22,0.85,6.2,22.13,1.72,4,0.32,207.8,13.5,0.5,0.71,0.71,24.9,0.52,15.2,259,0.89
0,1,2,295,80,118.5,1,0.25,0.5,15.17,21.19,0.067,0.102,-135.5,124,254,5.5,-51.88,73.07,167.3,13.61,0.87,6.2,22.96,1.77,4.1,0.34,199.3,13,0.5,0.71,0.71,25.5,0.54,15.8,259.5,0.92
0,2,3,295,40,118,1,0.25,0.5,7.72,21.62,0.054,0.106,-135.5,124,253.5,6,-52.57,74.2,169.6,13.79,0.88,6.2,23.59,1.97,4.6,0.38,194,13.7,0.5,0.71,0.71,25.8,0.56,16.4,259.5,0.94
0,3,4,295,0,118,1,0.25,0.5,0,21.8,0.049,0.107,-136,124,254,6,-52.9,74.7,171.3,13.93,0.89,6.2,23.78,1.98,4.6,0.38,192.1,13.6,0.5,0.71,0.71,26.1,0.56,16.4,260,0.95
0,4,5,295,-40,117.5,1,0.25,0.5,-7.72,21.54,0.054,0.106,-136,123.5,253.5,6,-52.61,74.15,170.2,13.84,0.88,6.3,23.51,1.97,4.6,0.37,193.8,13.8,0.5,0.71,0.71,25.8,0.55,16.1,259.5,0.94
0,5,6,295,-80,117.5,1,0.25,0.5,-15.17,21.03,0.067,0.102,-136.5,123.5,254,6,-51.95,72.98,168.4,13.7,0.87,6.3,22.96,1.93,4.5,0.37,198.8,14.2,0.5,0.71,0.71,25.5,0.54,15.8,260,0.92
0,6,7,295,-120,117,1,0.25,0.5,-22.14,20.17,0.08,0.096,-136.5,123.5,253.5,6.5,-50.77,70.94,164.2,13.36,0.85,6.3,22.21,2.03,4.7,0.38,207,15.9,0.5,0.71,0.71,24.9,0.52,15.2,260,0.89
1,0,8,295,120,79,1,0.25,0.5,22.14,13.93,0.08,0.093,-135,124,214,45,-47.62,61.55,144.3,11.74,0.83,7.3,27.95,14.02,32.4,2.64,195.3,84.8,0.5,0.71,0.71,24.3,0.59,17.3,259,0.91
1,1,9,295,80,79,1,0.25,0.5,15.17,14.49,0.067,0.098,-135.5,124,214.5,45,-48.87,63.36,149,12.12,0.85,7.4,28.94,14.45,33.6,2.73,187.3,81.4,0.5,0.71,0.71,24.9,0.61,17.9,259.5,0.94
1,2,10,295,40,78.5,1,0.25,0.5,7.72,14.77,0.054,0.102,-135.5,124,214,45.5,-49.58,64.35,151.2,12.3,0.86,7.4,29.66,14.88,34.7,2.82,182.3,79.9,0.5,0.71,0.71,25.2,0.63,18.4,259.5,0.97
1,3,11,295,0,78.5,1,0.25,0.5,0,14.9,0.049,0.103,-136,124,214.5,45.5,-49.91,64.82,152.9,12.43,0.87,7.4,29.88,14.98,35,2.84,180.5,79.2,0.5,0.71,0.71,25.5,0.63,18.4,260,0.97
1,4,12,295,-40,78.5,1,0.25,0.5,-7.72,14.77,0.054,0.102,-136,123.5,214.5,45,-49.66,64.43,152,12.36,0.86,7.4,29.51,14.74,34.2,2.78,182.2,79.5,0.5,0.71,0.71,25.2,0.63,18.4,259.5,0.97
1,5,13,295,-80,78,1,0.25,0.5,-15.17,14.32,0.067,0.098,-136.5,123.5,214.5,45.5,-48.95,63.27,150,12.2,0.85,7.4,28.94,14.62,33.8,2.75,186.8,82.3,0.5,0.71,0.71,24.9,0.61,17.9,260,0.95
1,6,14,295,-120,78,1,0.25,0.5,-22.14,13.76,0.08,0.093,-136.5,123.5,214.5,45.5,-47.78,61.54,146.1,11.88,0.83,7.4,27.95,14.19,32.7,2.66,194.6,85.7,0.5,0.71,0.71,24.3,0.59,17.3,260,0.91
2,0,15,295,120,39.5,1,0.25,0.5,22.14,7.07,0.08,0.091,-135,124,174.5,84.5,-44.18,51.25,123.2,10.02,0.8,8.4,33.21,26.14,59.7,4.86,179.6,129.1,0.5,0.71,0.71,23.4,0.66,19.3,259,0.93
2,1,16,295,80,39.5,1,0.25,0.5,15.17,7.36,0.067,0.095,-135.5,124,175,84.5,-45.45,52.81,127.5,10.37,0.82,8.6,34.3,26.94,61.8,5.03,172.3,123.9,0.5,0.71,0.71,24,0.68,19.9,259.5,0.96
2,2,17,295,40,39,1,0.25,0.5,7.72,7.46,0.054,0.098,-135.5,124,174.5,85,-46.16,53.62,129.6,10.54,0.83,8.7,35.07,27.61,63.5,5.16,167.6,121.1,0.5,0.71,0.71,24.3,0.7,20.5,259.5,0.99
2,3,18,295,0,39,1,0.25,0.5,0,7.53,0.049,0.099,-136,124,175,85,-46.51,54.04,131.1,10.66,0.84,8.7,35.32,27.79,64,5.2,166,120,0.5,0.71,0.71,24.6,0.7,20.5,260,0.99
2,4,19,295,-40,38.5,1,0.25,0.5,-7.72,7.37,0.054,0.098,-136,123.5,174.5,85,-46.21,53.57,130,10.57,0.84,8.7,35.01,27.64,63.3,5.15,167.3,121.4,0.5,0.71,0.71,24.6,0.69,20.2,259.5,0.99
2,5,20,295,-80,38.5,1,0.25,0.5,-15.17,7.18,0.067,0.095,-136.5,123.5,175,85,-45.54,52.72,128.3,10.44,0.82,8.6,34.3,27.12,61.9,5.04,171.7,124.6,0.5,0.71,0.71,24,0.68,19.9,260,0.96
2,6,21,295,-120,38,1,0.25,0.5,-22.14,6.8,0.08,0.091,-136.5,123.5,174.5,85.5,-44.32,51.12,124.4,10.12,0.8,8.5,33.28,26.47,60.2,4.9,178.7,130.3,0.5,0.71,0.71,23.4,0.66,19.3,260,0.93
3,0,22,295,120,0,1,0.25,0.5,22.14,0,0.08,0.09,-135,124,135,124,-40.29,40.29,99,8.06,0.76,9.5,37.91,37.91,85.2,6.93,159.2,159.2,0.5,0.71,0.71,22.3,0.71,20.8,259,0.93
3,1,23,295,80,0,1,0.25,0.5,15.17,0,0.067,0.094,-135.5,124,135.5,124,-41.56,41.56,102.8,8.36,0.78,9.7,39.05,39.05,88,7.15,152.8,152.8,0.5,0.71,0.71,22.8,0.74,21.7,259.5,0.97
3,2,24,295,40,0,1,0.25,0.5,7.72,0,0.054,0.096,-135.5,124,135.5,124,-42.31,42.31,104.9,8.53,0.8,9.9,39.8,39.8,89.8,7.3,148.8,148.8,0.5,0.71,0.71,23.4,0.75,22,259.5,0.99
3,3,25,295,0,0,1,0.25,0.5,0,0,0.049,0.097,-136,124,136,124,-42.68,42.68,106.3,8.64,0.8,9.9,40.05,40.05,90.4,7.35,147.5,147.5,0.5,0.71,0.71,23.4,0.76,22.3,260,1
3,4,26,295,-40,0,1,0.25,0.5,-7.72,0,0.054,0.096,-136,123.5,136,123.5,-42.42,42.42,105.5,8.58,0.8,9.9,39.68,39.68,89.1,7.25,148.8,148.8,0.5,0.71,0.71,23.4,0.75,22,259.5,0.99
3,5,27,295,-80,0,1,0.25,0.5,-15.17,0,0.067,0.094,-136.5,123.5,136.5,123.5,-41.77,41.77,104.2,8.47,0.78,9.7,38.94,38.94,87.3,7.1,152.8,152.8,0.5,0.71,0.71,22.8,0.73,21.4,260,0.97
3,6,28,295,-120,0,1,0.25,0.5,-22.14,0,0.08,0.09,-136.5,123.5,136.5,123.5,-40.6,40.6,101,8.21,0.76,9.5,37.8,37.8,84.6,6.88,159.2,159.2,0.5,0.71,0.71,22.3,0.71,20.8,260,0.93
4,0,29,295,120,-39,1,0.25,0.5,22.14,-6.98,0.08,0.091,-135,124,96,163,-35.95,28.97,72.6,5.9,0.71,10.4,42.02,49.01,107.9,8.77,132.4,180.9,0.5,0.71,0.71,20.8,0.76,22.3,259,0.93
4,1,30,295,80,-39,1,0.25,0.5,15.17,-7.27,0.067,0.095,-135.5,124,96.5,163,-37.2,29.93,75.6,6.15,0.73,10.7,43.2,50.47,111.1,9.04,127.1,173.6,0.5,0.71,0.71,21.4,0.78,22.8,259.5,0.96
4,2,31,295,40,-39,1,0.25,0.5,7.72,-7.46,0.054,0.098,-135.5,124,96.5,163,-37.93,30.47,77.2,6.28,0.75,10.9,43.95,51.42,113.3,9.21,123.8,169.1,0.5,0.71,0.71,22,0.8,23.4,259.5,0.99
4,3,32,295,0,-39,1,0.25,0.5,0,-7.53,0.049,0.099,-136,124,97,163,-38.3,30.77,78.4,6.37,0.75,11,44.21,51.74,114,9.27,122.8,167.5,0.5,0.71,0.71,22,0.8,23.4,260,0.99
4,4,33,295,-40,-39,1,0.25,0.5,-7.72,-7.46,0.054,0.098,-136,123.5,97,162.5,-38.05,30.59,77.8,6.33,0.75,10.9,43.85,51.32,112.6,9.16,123.9,169.1,0.5,0.71,0.71,22,0.79,23.1,259.5,0.99
4,5,34,295,-80,-39,1,0.25,0.5,-15.17,-7.27,0.067,0.095,-136.5,123.5,97.5,162.5,-37.44,30.17,76.8,6.25,0.74,10.7,43.1,50.37,110.5,8.98,127.4,173.7,0.5,0.71,0.71,21.7,0.78,22.8,260,0.96
4,6,35,295,-120,-39,1,0.25,0.5,-22.14,-6.98,0.08,0.091,-136.5,123.5,97.5,162.5,-36.31,29.33,74.3,6.05,0.71,10.4,41.92,48.91,107.2,8.72,132.7,181,0.5,0.71,0.71,20.8,0.76,22.3,260,0.93
5,0,36,295,120,-78,1,0.25,0.5,22.14,-13.76,0.08,0.093,-135,124,57,202,-31.08,17.32,44,3.58,0.65,11,45.67,59.43,127.9,10.4,94.5,197.3,0.5,0.71,0.71,19,0.8,23.4,259,0.91
5,1,37,295,80,-78,1,0.25,0.5,15.17,-14.32,0.067,0.098,-135.5,124,57.5,202,-32.27,17.95,46,3.74,0.67,11.4,46.84,61.16,131.4,10.69,91.1,189.4,0.5,0.71,0.71,19.6,0.82,24,259.5,0.95
5,2,38,295,40,-78,1,0.25,0.5,7.72,-14.68,0.054,0.101,-135.5,124,57.5,202,-32.96,18.27,47,3.83,0.69,11.7,47.6,62.28,133.7,10.88,88.7,184.5,0.5,0.71,0.71,20.2,0.83,24.3,259.5,0.97
5,3,39,295,0,-78,1,0.25,0.5,0,-14.81,0.049,0.103,-136,124,58,202,-33.33,18.52,47.9,3.9,0.69,11.8,47.86,62.67,134.5,10.94,88.2,182.8,0.5,0.71,0.71,20.2,0.83,24.3,260,0.98
5,4,40,295,-40,-78,1,0.25,0.5,-7.72,-14.68,0.054,0.101,-136,123.5,58,201.5,-33.09,18.41,47.6,3.87,0.69,11.7,47.51,62.19,133,10.82,89,184.6,0.5,0.71,0.71,20.2,0.83,24.3,259.5,0.97
5,5,41,295,-80,-78,1,0.25,0.5,-15.17,-14.32,0.067,0.098,-136.5,123.5,58.5,201.5,-32.54,18.22,47.1,3.83,0.68,11.5,46.76,61.07,130.7,10.63,91.7,189.5,0.5,0.71,0.71,19.9,0.81,23.7,260,0.95
5,6,42,295,-120,-78,1,0.25,0.5,-22.14,-13.76,0.08,0.093,-136.5,123.5,58.5,201.5,-31.48,17.72,45.5,3.7,0.66,11.1,45.58,59.34,127.1,10.34,95.5,197.5,0.5,0.71,0.71,19.3,0.79,23.1,260,0.91
6,0,43,295,120,-117,1,0.25,0.5,22.14,-20.17,0.08,0.096,-135,124,18,241,-25.66,5.49,14,1.14,0.58,11.4,48.89,69.07,145.1,11.8,37.5,210.3,0.5,0.71,0.71,17,0.82,24,259,0.89
6,1,44,295,80,-117,1,0.25,0.5,15.17,-20.95,0.067,0.102,-135.5,124,18.5,241,-26.74,5.79,15,1.22,0.61,11.8,50.06,71,148.8,12.1,36.7,201.8,0.5,0.71,0.71,17.9,0.84,24.6,259.5,0.92
6,2,45,295,40,-117,1,0.25,0.5,7.72,-21.46,0.054,0.106,-135.5,124,18.5,241,-27.35,5.9,15.3,1.25,0.62,12.1,50.8,72.25,151.1,12.29,35.8,196.6,0.5,0.71,0.71,18.2,0.85,24.9,259.5,0.94
6,3,46,295,0,-117,1,0.25,0.5,0,-21.63,0.049,0.107,-136,124,19,241,-27.72,6.08,15.9,1.29,0.63,12.2,51.05,72.69,152,12.36,36.2,194.8,0.5,0.71,0.71,18.4,0.86,25.2,260,0.95
6,4,47,295,-40,-117,1,0.25,0.5,-7.72,-21.46,0.054,0.106,-136,123.5,19,240.5,-27.5,6.05,15.8,1.28,0.62,12.1,50.72,72.18,150.4,12.23,36.5,196.7,0.5,0.71,0.71,18.2,0.85,24.9,259.5,0.94
6,5,48,295,-80,-117,1,0.25,0.5,-15.17,-20.95,0.067,0.102,-136.5,123.5,19.5,240.5,-27.04,6.09,15.9,1.29,0.61,11.9,49.98,70.93,148,12.04,38.2,202,0.5,0.71,0.71,17.9,0.84,24.6,260,0.92
6,6,49,295,-120,-117,1,0.25,0.5,-22.14,-20.17,0.08,0.096,-136.5,123.5,19.5,240.5,-26.1,5.93,15.3,1.25,0.59,11.5,48.82,68.99,144.4,11.74,39.8,210.4,0.5,0.71,0.71,17.3,0.82,24,260,0.89
